,Users,Restaurant,Ratings,Address
0,Aradhya,Subway,0.0,"421S Highway 97, 100 Mile House, British Columbia V0K 2E0 Canada"
1,Derek,Ravens Bar & Grill,0.0,"30440 Liberator Avenue, Abbotsford, British Columbia V2T 6H5 Canada"
2,Rani,Ravens Bar & Grill,0.0,"30440 Liberator Avenue, Abbotsford, British Columbia V2T 6H5 Canada"
3,Addison,Ravens Bar & Grill,0.5,"30440 Liberator Avenue, Abbotsford, British Columbia V2T 6H5 Canada"
4,Adam,Subway,1.0,"421S Highway 97, 100 Mile House, British Columbia V0K 2E0 Canada"
5,Avni,Subway,1.0,"421S Highway 97, 100 Mile House, British Columbia V0K 2E0 Canada"
6,Thomas,Ravens Bar & Grill,1.0,"30440 Liberator Avenue, Abbotsford, British Columbia V2T 6H5 Canada"
7,Zara,Ravens Bar & Grill,1.0,"30440 Liberator Avenue, Abbotsford, British Columbia V2T 6H5 Canada"
8,Meredith,Ravens Bar & Grill,1.0,"30440 Liberator Avenue, Abbotsford, British Columbia V2T 6H5 Canada"
9,Meredith,Suzy's Cafe,1.0,"196 Esplanade Ave, Harrison Hot Springs, British Columbia V0M 1K0 Canada"
10,Samuel,Ravens Bar & Grill,1.0,"30440 Liberator Avenue, Abbotsford, British Columbia V2T 6H5 Canada"
11,Monica,Ravens Bar & Grill,1.0,"30440 Liberator Avenue, Abbotsford, British Columbia V2T 6H5 Canada"
12,Rachel,Ravens Bar & Grill,1.0,"30440 Liberator Avenue, Abbotsford, British Columbia V2T 6H5 Canada"
13,Megan,Ravens Bar & Grill,1.0,"30440 Liberator Avenue, Abbotsford, British Columbia V2T 6H5 Canada"
14,Rajesh,Ravens Bar & Grill,1.0,"30440 Liberator Avenue, Abbotsford, British Columbia V2T 6H5 Canada"
15,Mohit,Ravens Bar & Grill,1.0,"30440 Liberator Avenue, Abbotsford, British Columbia V2T 6H5 Canada"
16,Chetan,UniTea Cafe & Lounge,1.0,"100-210 Railway Ave, Ashcroft, British Columbia V0K 1A0 Canada"
17,Saurabh,McDonald's,1.0,"32983 South Fraser Way Store#3989, Abbotsford, British Columbia V2S 2A6 Canada"
18,Simran,Denny's,1.0,"32720 Simon Avenue, Abbotsford, British Columbia V2T 0B8 Canada"
19,John,Wok Box,1.5,"South Fraser Way, Abbotsford, British Columbia V2T 4W1 Canada"
20,Krishna,Mandarin Garden,1.5,"101-31549 South Fraser Way, Abbotsford, British Columbia V2T 1T8 Canada"
21,Krishna,Wok Box,1.5,"South Fraser Way, Abbotsford, British Columbia V2T 4W1 Canada"
22,Alexander,Ravens Bar & Grill,1.5,"30440 Liberator Avenue, Abbotsford, British Columbia V2T 6H5 Canada"
23,Alexander,Suzy's Cafe,1.5,"196 Esplanade Ave, Harrison Hot Springs, British Columbia V0M 1K0 Canada"
24,Aarav,Subway,2.0,"421S Highway 97, 100 Mile House, British Columbia V0K 2E0 Canada"
25,Christina,Subway,2.0,"421S Highway 97, 100 Mile House, British Columbia V0K 2E0 Canada"
26,Eve,Subway,2.0,"421S Highway 97, 100 Mile House, British Columbia V0K 2E0 Canada"
27,James,Subway,2.0,"421S Highway 97, 100 Mile House, British Columbia V0K 2E0 Canada"
28,John,Mandarin Garden,2.0,"101-31549 South Fraser Way, Abbotsford, British Columbia V2T 1T8 Canada"
29,Kevin,Mandarin Garden,2.0,"101-31549 South Fraser Way, Abbotsford, British Columbia V2T 1T8 Canada"
30,Kevin,Wok Box,2.0,"South Fraser Way, Abbotsford, British Columbia V2T 4W1 Canada"
31,Mehar,Wok Box,2.0,"South Fraser Way, Abbotsford, British Columbia V2T 4W1 Canada"
32,Nick,Wok Box,2.0,"South Fraser Way, Abbotsford, British Columbia V2T 4W1 Canada"
33,Thomas,Suzy's Cafe,2.0,"196 Esplanade Ave, Harrison Hot Springs, British Columbia V0M 1K0 Canada"
34,Zara,Suzy's Cafe,2.0,"196 Esplanade Ave, Harrison Hot Springs, British Columbia V0M 1K0 Canada"
35,Derek,Islands Bar,2.0,"100 Esplanade Ave, Harrison Hot Springs, British Columbia V0M 1K0 Canada"
36,Derek,Bob's Bar and Grill,2.0,"319 Fowler Street, Riondel, British Columbia V0B 2B0 Canada"
37,Chris,Ravens Bar & Grill,2.0,"30440 Liberator Avenue, Abbotsford, British Columbia V2T 6H5 Canada"
38,Rachel,Suzy's Cafe,2.0,"196 Esplanade Ave, Harrison Hot Springs, British Columbia V0M 1K0 Canada"
39,Harry,Cafe Tasse,2.0,"251 Harbourfront Dr NE In the Prestige Harbourfront Resort, next to the Wharf, Salmon Arm, British Columbia V1E 2W7 Canada"
40,Rohit,Cafe Tasse,2.0,"251 Harbourfront Dr NE In the Prestige Harbourfront Resort, next to the Wharf, Salmon Arm, British Columbia V1E 2W7 Canada"
41,Ashley,Margo's Cafe,2.0,"361 Victoria St, Prince George, British Columbia V2L 2J6 Canada"
42,Isha,Wings,2.0,"1965 Sumas Way, Abbotsford, British Columbia V2S 4L5 Canada"
43,Esha,Wings,2.0,"1965 Sumas Way, Abbotsford, British Columbia V2S 4L5 Canada"
44,Yogesh,Denny's,2.0,"32720 Simon Avenue, Abbotsford, British Columbia V2T 0B8 Canada"
45,Saurabh,KFC,2.0,"2677 Clearbrook Rd, Abbotsford, British Columbia V2T 2Y6 Canada"
46,Smriti,KFC,2.0,"2677 Clearbrook Rd, Abbotsford, British Columbia V2T 2Y6 Canada"
47,Kushagra,Joyeaux Cafe & Restaurant,2.0,"551 Howe St, Vancouver, British Columbia V6C 2C2 Canada"
48,Aashish,KFC,2.0,"2677 Clearbrook Rd, Abbotsford, British Columbia V2T 2Y6 Canada"
49,Vidhi,Bon Cafe,2.0,"4909 Main St, Vancouver, British Columbia V5W 2R2 Canada"
50,Vidhi,KFC,2.0,"2677 Clearbrook Rd, Abbotsford, British Columbia V2T 2Y6 Canada"
51,Gagan,Wings,2.0,"1965 Sumas Way, Abbotsford, British Columbia V2S 4L5 Canada"
52,Gagan,Desi Junction,2.0,"8821 120 St, Delta, British Columbia V4C 6R6 Canada"
53,Simran,Wings,2.0,"1965 Sumas Way, Abbotsford, British Columbia V2S 4L5 Canada"
54,Simran,IHOP,2.0,"2755 Lougheed Hwy, Port Coquitlam, British Columbia V3B 5Y9 Canada"
55,Karan,IHOP,2.0,"2755 Lougheed Hwy, Port Coquitlam, British Columbia V3B 5Y9 Canada"
56,Rani,Suzy's Cafe,2.4,"196 Esplanade Ave, Harrison Hot Springs, British Columbia V0M 1K0 Canada"
57,Alex,Subway,2.5,"421S Highway 97, 100 Mile House, British Columbia V0K 2E0 Canada"
58,Aradhya,Wok Box,2.5,"South Fraser Way, Abbotsford, British Columbia V2T 4W1 Canada"
59,Elizabeth,Subway,2.5,"421S Highway 97, 100 Mile House, British Columbia V0K 2E0 Canada"
60,Isobel,Subway,2.5,"421S Highway 97, 100 Mile House, British Columbia V0K 2E0 Canada"
61,William,Ravens Bar & Grill,2.5,"30440 Liberator Avenue, Abbotsford, British Columbia V2T 6H5 Canada"
62,Alexander,Islands Bar,2.5,"100 Esplanade Ave, Harrison Hot Springs, British Columbia V0M 1K0 Canada"
63,Izzie,Ravens Bar & Grill,2.5,"30440 Liberator Avenue, Abbotsford, British Columbia V2T 6H5 Canada"
64,Harry,Suzy's Cafe,2.5,"196 Esplanade Ave, Harrison Hot Springs, British Columbia V0M 1K0 Canada"
65,Pallavi,Ravens Bar & Grill,2.5,"30440 Liberator Avenue, Abbotsford, British Columbia V2T 6H5 Canada"
66,Chetan,Cafe Tasse,2.5,"251 Harbourfront Dr NE In the Prestige Harbourfront Resort, next to the Wharf, Salmon Arm, British Columbia V1E 2W7 Canada"
67,Chetan,Mr. Red Cafe,2.5,"2680 Broadway W, Vancouver, British Columbia V6K 2G3 Canada"
68,Ashley,Canoe Beach Cafe,2.5,"7720 - 36 Street NE, Salmon Arm, British Columbia V0E 1K0 Canada"
69,Ashley,UniTea Cafe & Lounge,2.5,"100-210 Railway Ave, Ashcroft, British Columbia V0K 1A0 Canada"
70,Ashley,Mr. Red Cafe,2.5,"2680 Broadway W, Vancouver, British Columbia V6K 2G3 Canada"
71,Ashley,Cafe Mai-Mai & Pho,2.5,"8636 Granville St, Vancouver, British Columbia V6P 5A1 Canada"
72,Shrey,Cafe Mai-Mai & Pho,2.5,"8636 Granville St, Vancouver, British Columbia V6P 5A1 Canada"
73,Shrey,Joyeaux Cafe & Restaurant,2.5,"551 Howe St, Vancouver, British Columbia V6C 2C2 Canada"
74,Isha,IHOP,2.5,"2755 Lougheed Hwy, Port Coquitlam, British Columbia V3B 5Y9 Canada"
75,Yogesh,Wings,2.5,"1965 Sumas Way, Abbotsford, British Columbia V2S 4L5 Canada"
76,Smriti,Joyeaux Cafe & Restaurant,2.5,"551 Howe St, Vancouver, British Columbia V6C 2C2 Canada"
77,Kushagra,Bon Cafe,2.5,"4909 Main St, Vancouver, British Columbia V5W 2R2 Canada"
78,Aashish,McDonald's,2.5,"32983 South Fraser Way Store#3989, Abbotsford, British Columbia V2S 2A6 Canada"
79,Gagan,IHOP,2.5,"2755 Lougheed Hwy, Port Coquitlam, British Columbia V3B 5Y9 Canada"
80,Aarav,Mandarin Garden,3.0,"101-31549 South Fraser Way, Abbotsford, British Columbia V2T 1T8 Canada"
81,Avni,The Great Wok,3.0,"365 Hwy 97 In the Lakewood Inn, 100 Mile House, British Columbia V0K 2E0 Canada"
82,Christina,Mandarin Garden,3.0,"101-31549 South Fraser Way, Abbotsford, British Columbia V2T 1T8 Canada"
83,Elizabeth,Mandarin Garden,3.0,"101-31549 South Fraser Way, Abbotsford, British Columbia V2T 1T8 Canada"
84,Eve,Wok Box,3.0,"South Fraser Way, Abbotsford, British Columbia V2T 4W1 Canada"
85,George,Subway,3.0,"421S Highway 97, 100 Mile House, British Columbia V0K 2E0 Canada"
86,Shrishti,Dusty Rose Pub,3.0,"4100 N. Bonaparte Rd., 70 Mile House, British Columbia V0K 2K0 Canada"
87,Tanvi,Dusty Rose Pub,3.0,"4100 N. Bonaparte Rd., 70 Mile House, British Columbia V0K 2K0 Canada"
88,Wilson,Suzy's Cafe,3.0,"196 Esplanade Ave, Harrison Hot Springs, British Columbia V0M 1K0 Canada"
89,Cathrine,Dusty Rose Pub,3.0,"4100 N. Bonaparte Rd., 70 Mile House, British Columbia V0K 2K0 Canada"
90,Cathrine,Ravens Bar & Grill,3.0,"30440 Liberator Avenue, Abbotsford, British Columbia V2T 6H5 Canada"
91,Samuel,Dusty Rose Pub,3.0,"4100 N. Bonaparte Rd., 70 Mile House, British Columbia V0K 2K0 Canada"
92,Chris,Islands Bar,3.0,"100 Esplanade Ave, Harrison Hot Springs, British Columbia V0M 1K0 Canada"
93,Chris,Suzy's Cafe,3.0,"196 Esplanade Ave, Harrison Hot Springs, British Columbia V0M 1K0 Canada"
94,Addison,Cafe Tasse,3.0,"251 Harbourfront Dr NE In the Prestige Harbourfront Resort, next to the Wharf, Salmon Arm, British Columbia V1E 2W7 Canada"
95,Megan,Cafe Tasse,3.0,"251 Harbourfront Dr NE In the Prestige Harbourfront Resort, next to the Wharf, Salmon Arm, British Columbia V1E 2W7 Canada"
96,Rohit,Suzy's Cafe,3.0,"196 Esplanade Ave, Harrison Hot Springs, British Columbia V0M 1K0 Canada"
97,Rohit,Canoe Beach Cafe,3.0,"7720 - 36 Street NE, Salmon Arm, British Columbia V0E 1K0 Canada"
98,Aarti,Mr. Red Cafe,3.0,"2680 Broadway W, Vancouver, British Columbia V6K 2G3 Canada"
99,Divya,Cafe Tasse,3.0,"251 Harbourfront Dr NE In the Prestige Harbourfront Resort, next to the Wharf, Salmon Arm, British Columbia V1E 2W7 Canada"
100,Divya,Margo's Cafe,3.0,"361 Victoria St, Prince George, British Columbia V2L 2J6 Canada"
101,Matthew,Joyeaux Cafe & Restaurant,3.0,"551 Howe St, Vancouver, British Columbia V6C 2C2 Canada"
102,Alison,Cafe Mai-Mai & Pho,3.0,"8636 Granville St, Vancouver, British Columbia V6P 5A1 Canada"
103,Leo,UniTea Cafe & Lounge,3.0,"100-210 Railway Ave, Ashcroft, British Columbia V0K 1A0 Canada"
104,Jennifer,UniTea Cafe & Lounge,3.0,"100-210 Railway Ave, Ashcroft, British Columbia V0K 1A0 Canada"
105,Jennifer,Mr. Red Cafe,3.0,"2680 Broadway W, Vancouver, British Columbia V6K 2G3 Canada"
106,Vaidehi,Cafe Mai-Mai & Pho,3.0,"8636 Granville St, Vancouver, British Columbia V6P 5A1 Canada"
107,Vaidehi,Joyeaux Cafe & Restaurant,3.0,"551 Howe St, Vancouver, British Columbia V6C 2C2 Canada"
108,Shreya,Bon Cafe,3.0,"4909 Main St, Vancouver, British Columbia V5W 2R2 Canada"
109,Shreya,Bon Cafe,3.0,"4909 Main St, Vancouver, British Columbia V5W 2R2 Canada"
110,Anushka,Cafe Mai-Mai & Pho,3.0,"8636 Granville St, Vancouver, British Columbia V6P 5A1 Canada"
111,Anushka,Joyeaux Cafe & Restaurant,3.0,"551 Howe St, Vancouver, British Columbia V6C 2C2 Canada"
112,Preksha,Cafe Mai-Mai & Pho,3.0,"8636 Granville St, Vancouver, British Columbia V6P 5A1 Canada"
113,Preksha,Joyeaux Cafe & Restaurant,3.0,"551 Howe St, Vancouver, British Columbia V6C 2C2 Canada"
114,Isha,Denny's,3.0,"32720 Simon Avenue, Abbotsford, British Columbia V2T 0B8 Canada"
115,Esha,Margo's Cafe,3.0,"361 Victoria St, Prince George, British Columbia V2L 2J6 Canada"
116,Esha,Cafe Mai-Mai & Pho,3.0,"8636 Granville St, Vancouver, British Columbia V6P 5A1 Canada"
117,Ishaan,Margo's Cafe,3.0,"361 Victoria St, Prince George, British Columbia V2L 2J6 Canada"
118,Ishaan,Cafe Mai-Mai & Pho,3.0,"8636 Granville St, Vancouver, British Columbia V6P 5A1 Canada"
119,Saurabh,Joyeaux Cafe & Restaurant,3.0,"551 Howe St, Vancouver, British Columbia V6C 2C2 Canada"
120,Saurabh,Bon Cafe,3.0,"4909 Main St, Vancouver, British Columbia V5W 2R2 Canada"
121,Smriti,McDonald's,3.0,"32983 South Fraser Way Store#3989, Abbotsford, British Columbia V2S 2A6 Canada"
122,Kush,McDonald's,3.0,"32983 South Fraser Way Store#3989, Abbotsford, British Columbia V2S 2A6 Canada"
123,Kushagra,KFC,3.0,"2677 Clearbrook Rd, Abbotsford, British Columbia V2T 2Y6 Canada"
124,Mayank,McDonald's,3.0,"32983 South Fraser Way Store#3989, Abbotsford, British Columbia V2S 2A6 Canada"
125,Sara,McDonald's,3.0,"32983 South Fraser Way Store#3989, Abbotsford, British Columbia V2S 2A6 Canada"
126,Sarah,McDonald's,3.0,"32983 South Fraser Way Store#3989, Abbotsford, British Columbia V2S 2A6 Canada"
127,Sarah,IHOP,3.0,"2755 Lougheed Hwy, Port Coquitlam, British Columbia V3B 5Y9 Canada"
128,Vidhi,McDonald's,3.0,"32983 South Fraser Way Store#3989, Abbotsford, British Columbia V2S 2A6 Canada"
129,Laya,McDonald's,3.0,"32983 South Fraser Way Store#3989, Abbotsford, British Columbia V2S 2A6 Canada"
130,Chandrakanth,Denny's,3.0,"32720 Simon Avenue, Abbotsford, British Columbia V2T 0B8 Canada"
131,Yash,Denny's,3.0,"32720 Simon Avenue, Abbotsford, British Columbia V2T 0B8 Canada"
132,Yash,IHOP,3.0,"2755 Lougheed Hwy, Port Coquitlam, British Columbia V3B 5Y9 Canada"
133,Karan,Wings,3.0,"1965 Sumas Way, Abbotsford, British Columbia V2S 4L5 Canada"
134,Owen,Zaika,3.0,"33555 South Fraser Way, Abbotsford, British Columbia V2S 2B8 Canada"
135,William,Islands Bar,3.4,"100 Esplanade Ave, Harrison Hot Springs, British Columbia V0M 1K0 Canada"
136,Megan,Canoe Beach Cafe,3.4,"7720 - 36 Street NE, Salmon Arm, British Columbia V0E 1K0 Canada"
137,Adam,The Great Wok,3.5,"365 Hwy 97 In the Lakewood Inn, 100 Mile House, British Columbia V0K 2E0 Canada"
138,Adam,Mandarin Garden,3.5,"101-31549 South Fraser Way, Abbotsford, British Columbia V2T 1T8 Canada"
139,Alex,Wok Box,3.5,"South Fraser Way, Abbotsford, British Columbia V2T 4W1 Canada"
140,Aradhya,Hot Chili House,3.5,"33643 Marshall Road, Abbotsford, British Columbia V2S 1L4 Canada"
141,Christina,Wok Box,3.5,"South Fraser Way, Abbotsford, British Columbia V2T 4W1 Canada"
142,Eve,Hot Chili House,3.5,"33643 Marshall Road, Abbotsford, British Columbia V2S 1L4 Canada"
143,George,Mandarin Garden,3.5,"101-31549 South Fraser Way, Abbotsford, British Columbia V2T 1T8 Canada"
144,Isobel,Mandarin Garden,3.5,"101-31549 South Fraser Way, Abbotsford, British Columbia V2T 1T8 Canada"
145,James,Wok Box,3.5,"South Fraser Way, Abbotsford, British Columbia V2T 4W1 Canada"
146,Mehar,A&W Restaurant,3.5,"121N Highway 97, 100 Mile House, British Columbia V0K 2E0 Canada"
147,Nick,Subway,3.5,"421S Highway 97, 100 Mile House, British Columbia V0K 2E0 Canada"
148,Nick,A&W Restaurant,3.5,"121N Highway 97, 100 Mile House, British Columbia V0K 2E0 Canada"
149,Shrishti,Tim Hortons,3.5,"1861 Sumas Way, Abbotsford, British Columbia V2S 4L5 Canada"
150,Thomas,Islands Bar,3.5,"100 Esplanade Ave, Harrison Hot Springs, British Columbia V0M 1K0 Canada"
151,Wilson,Dusty Rose Pub,3.5,"4100 N. Bonaparte Rd., 70 Mile House, British Columbia V0K 2K0 Canada"
152,Cathrine,Suzy's Cafe,3.5,"196 Esplanade Ave, Harrison Hot Springs, British Columbia V0M 1K0 Canada"
153,Derek,Dusty Rose Pub,3.5,"4100 N. Bonaparte Rd., 70 Mile House, British Columbia V0K 2K0 Canada"
154,Samuel,Islands Bar,3.5,"100 Esplanade Ave, Harrison Hot Springs, British Columbia V0M 1K0 Canada"
155,Samuel,Suzy's Cafe,3.5,"196 Esplanade Ave, Harrison Hot Springs, British Columbia V0M 1K0 Canada"
156,Alexander,Dusty Rose Pub,3.5,"4100 N. Bonaparte Rd., 70 Mile House, British Columbia V0K 2K0 Canada"
157,Izzie,Islands Bar,3.5,"100 Esplanade Ave, Harrison Hot Springs, British Columbia V0M 1K0 Canada"
158,Izzie,Suzy's Cafe,3.5,"196 Esplanade Ave, Harrison Hot Springs, British Columbia V0M 1K0 Canada"
159,Addison,Suzy's Cafe,3.5,"196 Esplanade Ave, Harrison Hot Springs, British Columbia V0M 1K0 Canada"
160,Mohit,Suzy's Cafe,3.5,"196 Esplanade Ave, Harrison Hot Springs, British Columbia V0M 1K0 Canada"
161,Pallavi,Suzy's Cafe,3.5,"196 Esplanade Ave, Harrison Hot Springs, British Columbia V0M 1K0 Canada"
162,Dominic,Margo's Cafe,3.5,"361 Victoria St, Prince George, British Columbia V2L 2J6 Canada"
163,Mahek,Cafe Tasse,3.5,"251 Harbourfront Dr NE In the Prestige Harbourfront Resort, next to the Wharf, Salmon Arm, British Columbia V1E 2W7 Canada"
164,Mahek,UniTea Cafe & Lounge,3.5,"100-210 Railway Ave, Ashcroft, British Columbia V0K 1A0 Canada"
165,Mahek,Margo's Cafe,3.5,"361 Victoria St, Prince George, British Columbia V2L 2J6 Canada"
166,Yogya,UniTea Cafe & Lounge,3.5,"100-210 Railway Ave, Ashcroft, British Columbia V0K 1A0 Canada"
167,Yogya,Margo's Cafe,3.5,"361 Victoria St, Prince George, British Columbia V2L 2J6 Canada"
168,Matthew,Margo's Cafe,3.5,"361 Victoria St, Prince George, British Columbia V2L 2J6 Canada"
169,Matthew,Cafe Mai-Mai & Pho,3.5,"8636 Granville St, Vancouver, British Columbia V6P 5A1 Canada"
170,Ashley,Margo's Cafe,3.5,"361 Victoria St, Prince George, British Columbia V2L 2J6 Canada"
171,Ali,UniTea Cafe & Lounge,3.5,"100-210 Railway Ave, Ashcroft, British Columbia V0K 1A0 Canada"
172,Ali,Mr. Red Cafe,3.5,"2680 Broadway W, Vancouver, British Columbia V6K 2G3 Canada"
173,Leo,Mr. Red Cafe,3.5,"2680 Broadway W, Vancouver, British Columbia V6K 2G3 Canada"
174,Leo,Joyeaux Cafe & Restaurant,3.5,"551 Howe St, Vancouver, British Columbia V6C 2C2 Canada"
175,Ethan,UniTea Cafe & Lounge,3.5,"100-210 Railway Ave, Ashcroft, British Columbia V0K 1A0 Canada"
176,Vaidehi,Margo's Cafe,3.5,"361 Victoria St, Prince George, British Columbia V2L 2J6 Canada"
177,Arun,Mr. Red Cafe,3.5,"2680 Broadway W, Vancouver, British Columbia V6K 2G3 Canada"
178,Arun,Margo's Cafe,3.5,"361 Victoria St, Prince George, British Columbia V2L 2J6 Canada"
179,Shreya,Cafe Mai-Mai & Pho,3.5,"8636 Granville St, Vancouver, British Columbia V6P 5A1 Canada"
180,Shrey,Margo's Cafe,3.5,"361 Victoria St, Prince George, British Columbia V2L 2J6 Canada"
181,Preksha,Margo's Cafe,3.5,"361 Victoria St, Prince George, British Columbia V2L 2J6 Canada"
182,Esha,IHOP,3.5,"2755 Lougheed Hwy, Port Coquitlam, British Columbia V3B 5Y9 Canada"
183,Ishaan,Joyeaux Cafe & Restaurant,3.5,"551 Howe St, Vancouver, British Columbia V6C 2C2 Canada"
184,Yogesh,Bon Cafe,3.5,"4909 Main St, Vancouver, British Columbia V5W 2R2 Canada"
185,Urvi,Joyeaux Cafe & Restaurant,3.5,"551 Howe St, Vancouver, British Columbia V6C 2C2 Canada"
186,Urvi,Bon Cafe,3.5,"4909 Main St, Vancouver, British Columbia V5W 2R2 Canada"
187,Saurav,Margo's Cafe,3.5,"361 Victoria St, Prince George, British Columbia V2L 2J6 Canada"
188,Kush,Joyeaux Cafe & Restaurant,3.5,"551 Howe St, Vancouver, British Columbia V6C 2C2 Canada"
189,Kush,KFC,3.5,"2677 Clearbrook Rd, Abbotsford, British Columbia V2T 2Y6 Canada"
190,Kushagra,McDonald's,3.5,"32983 South Fraser Way Store#3989, Abbotsford, British Columbia V2S 2A6 Canada"
191,Aashish,Joyeaux Cafe & Restaurant,3.5,"551 Howe St, Vancouver, British Columbia V6C 2C2 Canada"
192,Mayank,Bon Cafe,3.5,"4909 Main St, Vancouver, British Columbia V5W 2R2 Canada"
193,Mayank,KFC,3.5,"2677 Clearbrook Rd, Abbotsford, British Columbia V2T 2Y6 Canada"
194,Sarah,KFC,3.5,"2677 Clearbrook Rd, Abbotsford, British Columbia V2T 2Y6 Canada"
195,Jessica,Bon Cafe,3.5,"4909 Main St, Vancouver, British Columbia V5W 2R2 Canada"
196,Jessica,McDonald's,3.5,"32983 South Fraser Way Store#3989, Abbotsford, British Columbia V2S 2A6 Canada"
197,Jaspreet,Bon Cafe,3.5,"4909 Main St, Vancouver, British Columbia V5W 2R2 Canada"
198,Jaspreet,Denny's,3.5,"32720 Simon Avenue, Abbotsford, British Columbia V2T 0B8 Canada"
199,Laya,KFC,3.5,"2677 Clearbrook Rd, Abbotsford, British Columbia V2T 2Y6 Canada"
200,Chandrakanth,Desi Junction,3.5,"8821 120 St, Delta, British Columbia V4C 6R6 Canada"
201,Gagan,Denny's,3.5,"32720 Simon Avenue, Abbotsford, British Columbia V2T 0B8 Canada"
202,Yash,Wings,3.5,"1965 Sumas Way, Abbotsford, British Columbia V2S 4L5 Canada"
203,Karan,Zaika,3.5,"33555 South Fraser Way, Abbotsford, British Columbia V2S 2B8 Canada"
204,Owen,Bombay Sweets,3.5,"2803 Shaughnessy St, Port Coquitlam, British Columbia V3C 3H1 Canada"
205,Samarth,Curry Time,3.5,"114-3280 Mt Lehman Rd, Abbotsford, British Columbia V4X 2M9 Canada"
206,Aarav,The Great Wok,4.0,"365 Hwy 97 In the Lakewood Inn, 100 Mile House, British Columbia V0K 2E0 Canada"
207,Adam,Hot Chili House,4.0,"33643 Marshall Road, Abbotsford, British Columbia V2S 1L4 Canada"
208,Alex,Mandarin Garden,4.0,"101-31549 South Fraser Way, Abbotsford, British Columbia V2T 1T8 Canada"
209,Aradhya,Mandarin Garden,4.0,"101-31549 South Fraser Way, Abbotsford, British Columbia V2T 1T8 Canada"
210,Christina,The Great Wok,4.0,"365 Hwy 97 In the Lakewood Inn, 100 Mile House, British Columbia V0K 2E0 Canada"
211,George,Hot Chili House,4.0,"33643 Marshall Road, Abbotsford, British Columbia V2S 1L4 Canada"
212,Isobel,Hot Chili House,4.0,"33643 Marshall Road, Abbotsford, British Columbia V2S 1L4 Canada"
213,James,Mandarin Garden,4.0,"101-31549 South Fraser Way, Abbotsford, British Columbia V2T 1T8 Canada"
214,Krishna,Carl's Jr.,4.0,"30770 Fraser Hwy Unit 5, Abbotsford, British Columbia V2T 0E2 Canada"
215,Mehar,Subway,4.0,"421S Highway 97, 100 Mile House, British Columbia V0K 2E0 Canada"
216,Nick,Tim Hortons,4.0,"1861 Sumas Way, Abbotsford, British Columbia V2S 4L5 Canada"
217,Shrishti,Carl's Jr.,4.0,"30770 Fraser Hwy Unit 5, Abbotsford, British Columbia V2T 0E2 Canada"
218,Shrishti,A&W Restaurant,4.0,"121N Highway 97, 100 Mile House, British Columbia V0K 2E0 Canada"
219,Tanvi,Tim Hortons,4.0,"1861 Sumas Way, Abbotsford, British Columbia V2S 4L5 Canada"
220,Thomas,Dusty Rose Pub,4.0,"4100 N. Bonaparte Rd., 70 Mile House, British Columbia V0K 2K0 Canada"
221,Zara,Islands Bar,4.0,"100 Esplanade Ave, Harrison Hot Springs, British Columbia V0M 1K0 Canada"
222,Wilson,Bob's Bar and Grill,4.0,"319 Fowler Street, Riondel, British Columbia V0B 2B0 Canada"
223,Cathrine,Bob's Bar and Grill,4.0,"319 Fowler Street, Riondel, British Columbia V0B 2B0 Canada"
224,Meredith,Islands Bar,4.0,"100 Esplanade Ave, Harrison Hot Springs, British Columbia V0M 1K0 Canada"
225,Meredith,Bob's Bar and Grill,4.0,"319 Fowler Street, Riondel, British Columbia V0B 2B0 Canada"
226,Derek,Suzy's Cafe,4.0,"196 Esplanade Ave, Harrison Hot Springs, British Columbia V0M 1K0 Canada"
227,Chris,Dusty Rose Pub,4.0,"4100 N. Bonaparte Rd., 70 Mile House, British Columbia V0K 2K0 Canada"
228,Chris,Bob's Bar and Grill,4.0,"319 Fowler Street, Riondel, British Columbia V0B 2B0 Canada"
229,Izzie,Dusty Rose Pub,4.0,"4100 N. Bonaparte Rd., 70 Mile House, British Columbia V0K 2K0 Canada"
230,Addison,Canoe Beach Cafe,4.0,"7720 - 36 Street NE, Salmon Arm, British Columbia V0E 1K0 Canada"
231,Monica,Cafe Tasse,4.0,"251 Harbourfront Dr NE In the Prestige Harbourfront Resort, next to the Wharf, Salmon Arm, British Columbia V1E 2W7 Canada"
232,Mohit,Canoe Beach Cafe,4.0,"7720 - 36 Street NE, Salmon Arm, British Columbia V0E 1K0 Canada"
233,Rahul,Canoe Beach Cafe,4.0,"7720 - 36 Street NE, Salmon Arm, British Columbia V0E 1K0 Canada"
234,Rahul,Mr. Red Cafe,4.0,"2680 Broadway W, Vancouver, British Columbia V6K 2G3 Canada"
235,Rohit,Mr. Red Cafe,4.0,"2680 Broadway W, Vancouver, British Columbia V6K 2G3 Canada"
236,Aarti,Suzy's Cafe,4.0,"196 Esplanade Ave, Harrison Hot Springs, British Columbia V0M 1K0 Canada"
237,Aarti,Cafe Tasse,4.0,"251 Harbourfront Dr NE In the Prestige Harbourfront Resort, next to the Wharf, Salmon Arm, British Columbia V1E 2W7 Canada"
238,Divya,Canoe Beach Cafe,4.0,"7720 - 36 Street NE, Salmon Arm, British Columbia V0E 1K0 Canada"
239,Divya,Mr. Red Cafe,4.0,"2680 Broadway W, Vancouver, British Columbia V6K 2G3 Canada"
240,Dominic,Cafe Tasse,4.0,"251 Harbourfront Dr NE In the Prestige Harbourfront Resort, next to the Wharf, Salmon Arm, British Columbia V1E 2W7 Canada"
241,Chetan,Margo's Cafe,4.0,"361 Victoria St, Prince George, British Columbia V2L 2J6 Canada"
242,Yogya,Cafe Mai-Mai & Pho,4.0,"8636 Granville St, Vancouver, British Columbia V6P 5A1 Canada"
243,Yogya,Joyeaux Cafe & Restaurant,4.0,"551 Howe St, Vancouver, British Columbia V6C 2C2 Canada"
244,Matthew,Joyeaux Cafe & Restaurant,4.0,"551 Howe St, Vancouver, British Columbia V6C 2C2 Canada"
245,Alison,Mr. Red Cafe,4.0,"2680 Broadway W, Vancouver, British Columbia V6K 2G3 Canada"
246,Ali,Mr. Red Cafe,4.0,"2680 Broadway W, Vancouver, British Columbia V6K 2G3 Canada"
247,Ethan,Mr. Red Cafe,4.0,"361 Victoria St, Prince George, British Columbia V2L 2J6 Canada"
248,Ethan,Margo's Cafe,4.0,"361 Victoria St, Prince George, British Columbia V2L 2J6 Canada"
249,Jennifer,Mr. Red Cafe,4.0,"2680 Broadway W, Vancouver, British Columbia V6K 2G3 Canada"
250,Lisa,Mr. Red Cafe,4.0,"2680 Broadway W, Vancouver, British Columbia V6K 2G3 Canada"
251,Varun,Joyeaux Cafe & Restaurant,4.0,"551 Howe St, Vancouver, British Columbia V6C 2C2 Canada"
252,Varun,Joyeaux Cafe & Restaurant,4.0,"551 Howe St, Vancouver, British Columbia V6C 2C2 Canada"
253,Arun,Joyeaux Cafe & Restaurant,4.0,"551 Howe St, Vancouver, British Columbia V6C 2C2 Canada"
254,Shrey,Mr. Red Cafe,4.0,"2680 Broadway W, Vancouver, British Columbia V6K 2G3 Canada"
255,Shrey,Joyeaux Cafe & Restaurant,4.0,"551 Howe St, Vancouver, British Columbia V6C 2C2 Canada"
256,Anushka,Margo's Cafe,4.0,"361 Victoria St, Prince George, British Columbia V2L 2J6 Canada"
257,Anushka,Bon Cafe,4.0,"4909 Main St, Vancouver, British Columbia V5W 2R2 Canada"
258,Preksha,Mr. Red Cafe,4.0,"2680 Broadway W, Vancouver, British Columbia V6K 2G3 Canada"
259,Preksha,Bon Cafe,4.0,"4909 Main St, Vancouver, British Columbia V5W 2R2 Canada"
260,Preksha,Bon Cafe,4.0,"4909 Main St, Vancouver, British Columbia V5W 2R2 Canada"
261,Isha,Bon Cafe,4.0,"4909 Main St, Vancouver, British Columbia V5W 2R2 Canada"
262,Ishaan,Denny's,4.0,"32720 Simon Avenue, Abbotsford, British Columbia V2T 0B8 Canada"
263,Saurav,Cafe Mai-Mai & Pho,4.0,"8636 Granville St, Vancouver, British Columbia V6P 5A1 Canada"
264,Smriti,O'Neill's Home Cooking,4.0,"33771 Gosling Way, Abbotsford, British Columbia V2S 1Z2 Canada"
265,Kush,Denny's,4.0,"32720 Simon Avenue, Abbotsford, British Columbia V2T 0B8 Canada"
266,Kushagra,O'Neill's Home Cooking,4.0,"33771 Gosling Way, Abbotsford, British Columbia V2S 1Z2 Canada"
267,Aashish,Bon Cafe,4.0,"4909 Main St, Vancouver, British Columbia V5W 2R2 Canada"
268,Mayank,Denny's,4.0,"32720 Simon Avenue, Abbotsford, British Columbia V2T 0B8 Canada"
269,Sara,Bon Cafe,4.0,"4909 Main St, Vancouver, British Columbia V5W 2R2 Canada"
270,Sara,KFC,4.0,"2677 Clearbrook Rd, Abbotsford, British Columbia V2T 2Y6 Canada"
271,Sara,IHOP,4.0,"2755 Lougheed Hwy, Port Coquitlam, British Columbia V3B 5Y9 Canada"
272,Jessica,Denny's,4.0,"32720 Simon Avenue, Abbotsford, British Columbia V2T 0B8 Canada"
273,Jessica,Wings,4.0,"1965 Sumas Way, Abbotsford, British Columbia V2S 4L5 Canada"
274,Jessica,KFC,4.0,"2677 Clearbrook Rd, Abbotsford, British Columbia V2T 2Y6 Canada"
275,Jaspreet,Wings,4.0,"1965 Sumas Way, Abbotsford, British Columbia V2S 4L5 Canada"
276,Jaspreet,KFC,4.0,"2677 Clearbrook Rd, Abbotsford, British Columbia V2T 2Y6 Canada"
277,Vidhi,O'Neill's Home Cooking,4.0,"33771 Gosling Way, Abbotsford, British Columbia V2S 1Z2 Canada"
278,Laya,Wings,4.0,"1965 Sumas Way, Abbotsford, British Columbia V2S 4L5 Canada"
279,Chandrakanth,Curry Time,4.0,"114-3280 Mt Lehman Rd, Abbotsford, British Columbia V4X 2M9 Canada"
280,Chandrakanth,Zaika,4.0,"33555 South Fraser Way, Abbotsford, British Columbia V2S 2B8 Canada"
281,Gagan,Curry Time,4.0,"114-3280 Mt Lehman Rd, Abbotsford, British Columbia V4X 2M9 Canada"
282,Simran,Tandoori Bites,4.0,"7168 Pioneer Ave, Agassiz, British Columbia Canada"
283,Paul,Wings,4.0,"1965 Sumas Way, Abbotsford, British Columbia V2S 4L5 Canada"
284,Paul,Tandoori Bites,4.0,"7168 Pioneer Ave, Agassiz, British Columbia Canada"
285,Samarth,Sidharth Grill,4.0,"15782 Marine Dr, White Rock, British Columbia V4B 1E6 Canada"
286,Rajat,Bombay Sweets,4.0,"2803 Shaughnessy St, Port Coquitlam, British Columbia V3C 3H1 Canada"
287,Aarav,Hot Chili House,4.5,"33643 Marshall Road, Abbotsford, British Columbia V2S 1L4 Canada"
288,Alex,The Great Wok,4.5,"365 Hwy 97 In the Lakewood Inn, 100 Mile House, British Columbia V0K 2E0 Canada"
289,Avni,Hot Chili House,4.5,"33643 Marshall Road, Abbotsford, British Columbia V2S 1L4 Canada"
290,Christina,Hot Chili House,4.5,"33643 Marshall Road, Abbotsford, British Columbia V2S 1L4 Canada"
291,Elizabeth,Hot Chili House,4.5,"33643 Marshall Road, Abbotsford, British Columbia V2S 1L4 Canada"
292,Eve,Mandarin Garden,4.5,"101-31549 South Fraser Way, Abbotsford, British Columbia V2T 1T8 Canada"
293,George,The Great Wok,4.5,"365 Hwy 97 In the Lakewood Inn, 100 Mile House, British Columbia V0K 2E0 Canada"
294,George,Wok Box,4.5,"South Fraser Way, Abbotsford, British Columbia V2T 4W1 Canada"
295,Isobel,The Great Wok,4.5,"365 Hwy 97 In the Lakewood Inn, 100 Mile House, British Columbia V0K 2E0 Canada"
296,Isobel,Wok Box,4.5,"South Fraser Way, Abbotsford, British Columbia V2T 4W1 Canada"
297,James,Hot Chili House,4.5,"33643 Marshall Road, Abbotsford, British Columbia V2S 1L4 Canada"
298,John,Carl's Jr.,4.5,"30770 Fraser Hwy Unit 5, Abbotsford, British Columbia V2T 0E2 Canada"
299,Kevin,Tim Hortons,4.5,"1861 Sumas Way, Abbotsford, British Columbia V2S 4L5 Canada"
300,Krishna,Subway,4.5,"421S Highway 97, 100 Mile House, British Columbia V0K 2E0 Canada"
301,Mehar,Carl's Jr.,4.5,"30770 Fraser Hwy Unit 5, Abbotsford, British Columbia V2T 0E2 Canada"
302,Tanvi,Subway,4.5,"421S Highway 97, 100 Mile House, British Columbia V0K 2E0 Canada"
303,Zara,Bob's Bar and Grill,4.5,"319 Fowler Street, Riondel, British Columbia V0B 2B0 Canada"
304,William,Dusty Rose Pub,4.5,"4100 N. Bonaparte Rd., 70 Mile House, British Columbia V0K 2K0 Canada"
305,Cathrine,Islands Bar,4.5,"100 Esplanade Ave, Harrison Hot Springs, British Columbia V0M 1K0 Canada"
306,Alexander,Bob's Bar and Grill,4.5,"319 Fowler Street, Riondel, British Columbia V0B 2B0 Canada"
307,Izzie,Bob's Bar and Grill,4.5,"319 Fowler Street, Riondel, British Columbia V0B 2B0 Canada"
308,Addison,Islands Bar,4.5,"100 Esplanade Ave, Harrison Hot Springs, British Columbia V0M 1K0 Canada"
309,Monica,Canoe Beach Cafe,4.5,"7720 - 36 Street NE, Salmon Arm, British Columbia V0E 1K0 Canada"
310,Rachel,Cafe Tasse,4.5,"251 Harbourfront Dr NE In the Prestige Harbourfront Resort, next to the Wharf, Salmon Arm, British Columbia V1E 2W7 Canada"
311,Harry,Ravens Bar & Grill,4.5,"30440 Liberator Avenue, Abbotsford, British Columbia V2T 6H5 Canada"
312,Megan,Suzy's Cafe,4.5,"196 Esplanade Ave, Harrison Hot Springs, British Columbia V0M 1K0 Canada"
313,Rajesh,Suzy's Cafe,4.5,"196 Esplanade Ave, Harrison Hot Springs, British Columbia V0M 1K0 Canada"
314,Rajesh,Cafe Tasse,4.5,"251 Harbourfront Dr NE In the Prestige Harbourfront Resort, next to the Wharf, Salmon Arm, British Columbia V1E 2W7 Canada"
315,Mohit,Cafe Tasse,4.5,"251 Harbourfront Dr NE In the Prestige Harbourfront Resort, next to the Wharf, Salmon Arm, British Columbia V1E 2W7 Canada"
316,Pallavi,Cafe Tasse,4.5,"251 Harbourfront Dr NE In the Prestige Harbourfront Resort, next to the Wharf, Salmon Arm, British Columbia V1E 2W7 Canada"
317,Rahul,Cafe Tasse,4.5,"251 Harbourfront Dr NE In the Prestige Harbourfront Resort, next to the Wharf, Salmon Arm, British Columbia V1E 2W7 Canada"
318,Rahul,UniTea Cafe & Lounge,4.5,"100-210 Railway Ave, Ashcroft, British Columbia V0K 1A0 Canada"
319,Dominic,Canoe Beach Cafe,4.5,"7720 - 36 Street NE, Salmon Arm, British Columbia V0E 1K0 Canada"
320,Chetan,Cafe Mai-Mai & Pho,4.5,"8636 Granville St, Vancouver, British Columbia V6P 5A1 Canada"
321,Mahek,Cafe Mai-Mai & Pho,4.5,"8636 Granville St, Vancouver, British Columbia V6P 5A1 Canada"
322,Yogya,Canoe Beach Cafe,4.5,"7720 - 36 Street NE, Salmon Arm, British Columbia V0E 1K0 Canada"
323,Matthew,Canoe Beach Cafe,4.5,"7720 - 36 Street NE, Salmon Arm, British Columbia V0E 1K0 Canada"
324,Matthew,Mr. Red Cafe,4.5,"2680 Broadway W, Vancouver, British Columbia V6K 2G3 Canada"
325,Alison,UniTea Cafe & Lounge,4.5,"100-210 Railway Ave, Ashcroft, British Columbia V0K 1A0 Canada"
326,Alison,Margo's Cafe,4.5,"361 Victoria St, Prince George, British Columbia V2L 2J6 Canada"
327,Ali,Cafe Mai-Mai & Pho,4.5,"8636 Granville St, Vancouver, British Columbia V6P 5A1 Canada"
328,Leo,Cafe Mai-Mai & Pho,4.5,"8636 Granville St, Vancouver, British Columbia V6P 5A1 Canada"
329,Ethan,Cafe Mai-Mai & Pho,4.5,"8636 Granville St, Vancouver, British Columbia V6P 5A1 Canada"
330,Jennifer,Mr. Red Cafe,4.5,"2680 Broadway W, Vancouver, British Columbia V6K 2G3 Canada"
331,Jennifer,Cafe Mai-Mai & Pho,4.5,"8636 Granville St, Vancouver, British Columbia V6P 5A1 Canada"
332,Lisa,Margo's Cafe,4.5,"361 Victoria St, Prince George, British Columbia V2L 2J6 Canada"
333,Lisa,Joyeaux Cafe & Restaurant,4.5,"551 Howe St, Vancouver, British Columbia V6C 2C2 Canada"
334,Shubham,Mr. Red Cafe,4.5,"2680 Broadway W, Vancouver, British Columbia V6K 2G3 Canada"
335,Vaidehi,Mr. Red Cafe,4.5,"2680 Broadway W, Vancouver, British Columbia V6K 2G3 Canada"
336,Vaidehi,Mr. Red Cafe,4.5,"2680 Broadway W, Vancouver, British Columbia V6K 2G3 Canada"
337,Vaidehi,Joyeaux Cafe & Restaurant,4.5,"551 Howe St, Vancouver, British Columbia V6C 2C2 Canada"
338,Varun,Margo's Cafe,4.5,"361 Victoria St, Prince George, British Columbia V2L 2J6 Canada"
339,Varun,Cafe Mai-Mai & Pho,4.5,"8636 Granville St, Vancouver, British Columbia V6P 5A1 Canada"
340,Arun,Cafe Mai-Mai & Pho,4.5,"8636 Granville St, Vancouver, British Columbia V6P 5A1 Canada"
341,Arun,Joyeaux Cafe & Restaurant,4.5,"551 Howe St, Vancouver, British Columbia V6C 2C2 Canada"
342,Shreya,Joyeaux Cafe & Restaurant,4.5,"551 Howe St, Vancouver, British Columbia V6C 2C2 Canada"
343,Shreya,Bon Cafe,4.5,"4909 Main St, Vancouver, British Columbia V5W 2R2 Canada"
344,Anushka,Mr. Red Cafe,4.5,"2680 Broadway W, Vancouver, British Columbia V6K 2G3 Canada"
345,Isha,Cafe Mai-Mai & Pho,4.5,"8636 Granville St, Vancouver, British Columbia V6P 5A1 Canada"
346,Isha,Joyeaux Cafe & Restaurant,4.5,"551 Howe St, Vancouver, British Columbia V6C 2C2 Canada"
347,Esha,Joyeaux Cafe & Restaurant,4.5,"551 Howe St, Vancouver, British Columbia V6C 2C2 Canada"
348,Esha,Bon Cafe,4.5,"4909 Main St, Vancouver, British Columbia V5W 2R2 Canada"
349,Ishaan,Bon Cafe,4.5,"4909 Main St, Vancouver, British Columbia V5W 2R2 Canada"
350,Ishaan,Wings,4.5,"1965 Sumas Way, Abbotsford, British Columbia V2S 4L5 Canada"
351,Yogesh,Margo's Cafe,4.5,"361 Victoria St, Prince George, British Columbia V2L 2J6 Canada"
352,Yogesh,Cafe Mai-Mai & Pho,4.5,"8636 Granville St, Vancouver, British Columbia V6P 5A1 Canada"
353,Urvi,Margo's Cafe,4.5,"361 Victoria St, Prince George, British Columbia V2L 2J6 Canada"
354,Saurav,Joyeaux Cafe & Restaurant,4.5,"551 Howe St, Vancouver, British Columbia V6C 2C2 Canada"
355,Saurav,Denny's,4.5,"32720 Simon Avenue, Abbotsford, British Columbia V2T 0B8 Canada"
356,Saurabh,Denny's,4.5,"32720 Simon Avenue, Abbotsford, British Columbia V2T 0B8 Canada"
357,Saurabh,Wings,4.5,"1965 Sumas Way, Abbotsford, British Columbia V2S 4L5 Canada"
358,Smriti,Bon Cafe,4.5,"4909 Main St, Vancouver, British Columbia V5W 2R2 Canada"
359,Smriti,Wings,4.5,"1965 Sumas Way, Abbotsford, British Columbia V2S 4L5 Canada"
360,Kush,Bon Cafe,4.5,"4909 Main St, Vancouver, British Columbia V5W 2R2 Canada"
361,Kush,O'Neill's Home Cooking,4.5,"33771 Gosling Way, Abbotsford, British Columbia V2S 1Z2 Canada"
362,Kushagra,Denny's,4.5,"32720 Simon Avenue, Abbotsford, British Columbia V2T 0B8 Canada"
363,Aashish,Denny's,4.5,"32720 Simon Avenue, Abbotsford, British Columbia V2T 0B8 Canada"
364,Aashish,Wings,4.5,"1965 Sumas Way, Abbotsford, British Columbia V2S 4L5 Canada"
365,Mayank,Wings,4.5,"1965 Sumas Way, Abbotsford, British Columbia V2S 4L5 Canada"
366,Sara,Denny's,4.5,"32720 Simon Avenue, Abbotsford, British Columbia V2T 0B8 Canada"
367,Sara,Wings,4.5,"1965 Sumas Way, Abbotsford, British Columbia V2S 4L5 Canada"
368,Sarah,Bon Cafe,4.5,"4909 Main St, Vancouver, British Columbia V5W 2R2 Canada"
369,Sarah,Denny's,4.5,"32720 Simon Avenue, Abbotsford, British Columbia V2T 0B8 Canada"
370,Sarah,O'Neill's Home Cooking,4.5,"33771 Gosling Way, Abbotsford, British Columbia V2S 1Z2 Canada"
371,Jessica,O'Neill's Home Cooking,4.5,"33771 Gosling Way, Abbotsford, British Columbia V2S 1Z2 Canada"
372,Jaspreet,O'Neill's Home Cooking,4.5,"33771 Gosling Way, Abbotsford, British Columbia V2S 1Z2 Canada"
373,Jaspreet,McDonald's,4.5,"32983 South Fraser Way Store#3989, Abbotsford, British Columbia V2S 2A6 Canada"
374,Vidhi,Denny's,4.5,"32720 Simon Avenue, Abbotsford, British Columbia V2T 0B8 Canada"
375,Laya,Denny's,4.5,"32720 Simon Avenue, Abbotsford, British Columbia V2T 0B8 Canada"
376,Laya,O'Neill's Home Cooking,4.5,"33771 Gosling Way, Abbotsford, British Columbia V2S 1Z2 Canada"
377,Chandrakanth,IHOP,4.5,"2755 Lougheed Hwy, Port Coquitlam, British Columbia V3B 5Y9 Canada"
378,Gagan,Zaika,4.5,"33555 South Fraser Way, Abbotsford, British Columbia V2S 2B8 Canada"
379,Simran,Bombay Sweets,4.5,"2803 Shaughnessy St, Port Coquitlam, British Columbia V3C 3H1 Canada"
380,Yash,Curry Time,4.5,"114-3280 Mt Lehman Rd, Abbotsford, British Columbia V4X 2M9 Canada"
381,Yash,Nirvana,4.5,"2313 Main St, Vancouver, British Columbia V5T 3C9 Canada"
382,Yash,Mirchi Restaurant,4.5,"7964 Granville St, Vancouver, British Columbia V6P 4Z2 Canada"
383,Karan,Bombay Sweets,4.5,"2803 Shaughnessy St, Port Coquitlam, British Columbia V3C 3H1 Canada"
384,Paul,IHOP,4.5,"2755 Lougheed Hwy, Port Coquitlam, British Columbia V3B 5Y9 Canada"
385,Paul,Curry Time,4.5,"114-3280 Mt Lehman Rd, Abbotsford, British Columbia V4X 2M9 Canada"
386,Paul,Nirvana,4.5,"2313 Main St, Vancouver, British Columbia V5T 3C9 Canada"
387,Paul,Mirchi Restaurant,4.5,"7964 Granville St, Vancouver, British Columbia V6P 4Z2 Canada"
388,Owen,IHOP,4.5,"2755 Lougheed Hwy, Port Coquitlam, British Columbia V3B 5Y9 Canada"
389,Owen,Nirvana,4.5,"2313 Main St, Vancouver, British Columbia V5T 3C9 Canada"
390,Owen,Mirchi Restaurant,4.5,"7964 Granville St, Vancouver, British Columbia V6P 4Z2 Canada"
391,Samarth,Nirvana,4.5,"2313 Main St, Vancouver, British Columbia V5T 3C9 Canada"
392,Rajat,IHOP,4.5,"2755 Lougheed Hwy, Port Coquitlam, British Columbia V3B 5Y9 Canada"
393,Rajat,Curry Time,4.5,"114-3280 Mt Lehman Rd, Abbotsford, British Columbia V4X 2M9 Canada"
394,Rajat,Sidharth Grill,4.5,"15782 Marine Dr, White Rock, British Columbia V4B 1E6 Canada"
395,Rajat,Nirvana,4.5,"2313 Main St, Vancouver, British Columbia V5T 3C9 Canada"
396,Aarav,Wok Box,5.0,"South Fraser Way, Abbotsford, British Columbia V2T 4W1 Canada"
397,Adam,Wok Box,5.0,"South Fraser Way, Abbotsford, British Columbia V2T 4W1 Canada"
398,Alex,Hot Chili House,5.0,"33643 Marshall Road, Abbotsford, British Columbia V2S 1L4 Canada"
399,Aradhya,The Great Wok,5.0,"365 Hwy 97 In the Lakewood Inn, 100 Mile House, British Columbia V0K 2E0 Canada"
400,Avni,Mandarin Garden,5.0,"101-31549 South Fraser Way, Abbotsford, British Columbia V2T 1T8 Canada"
401,Avni,Wok Box,5.0,"South Fraser Way, Abbotsford, British Columbia V2T 4W1 Canada"
402,Elizabeth,The Great Wok,5.0,"365 Hwy 97 In the Lakewood Inn, 100 Mile House, British Columbia V0K 2E0 Canada"
403,Elizabeth,Wok Box,5.0,"South Fraser Way, Abbotsford, British Columbia V2T 4W1 Canada"
404,Eve,The Great Wok,5.0,"365 Hwy 97 In the Lakewood Inn, 100 Mile House, British Columbia V0K 2E0 Canada"
405,James,The Great Wok,5.0,"365 Hwy 97 In the Lakewood Inn, 100 Mile House, British Columbia V0K 2E0 Canada"
406,John,Subway,5.0,"421S Highway 97, 100 Mile House, British Columbia V0K 2E0 Canada"
407,John,Tim Hortons,5.0,"1861 Sumas Way, Abbotsford, British Columbia V2S 4L5 Canada"
408,Kevin,Subway,5.0,"421S Highway 97, 100 Mile House, British Columbia V0K 2E0 Canada"
409,Kevin,Carl's Jr.,5.0,"30770 Fraser Hwy Unit 5, Abbotsford, British Columbia V2T 0E2 Canada"
410,Krishna,Tim Hortons,5.0,"1861 Sumas Way, Abbotsford, British Columbia V2S 4L5 Canada"
411,Mehar,Tim Hortons,5.0,"1861 Sumas Way, Abbotsford, British Columbia V2S 4L5 Canada"
412,Nick,Carl's Jr.,5.0,"30770 Fraser Hwy Unit 5, Abbotsford, British Columbia V2T 0E2 Canada"
413,Shrishti,Subway,5.0,"421S Highway 97, 100 Mile House, British Columbia V0K 2E0 Canada"
414,Tanvi,Carl's Jr.,5.0,"30770 Fraser Hwy Unit 5, Abbotsford, British Columbia V2T 0E2 Canada"
415,Tanvi,A&W Restaurant,5.0,"121N Highway 97, 100 Mile House, British Columbia V0K 2E0 Canada"
416,Thomas,Bob's Bar and Grill,5.0,"319 Fowler Street, Riondel, British Columbia V0B 2B0 Canada"
417,Zara,Dusty Rose Pub,5.0,"4100 N. Bonaparte Rd., 70 Mile House, British Columbia V0K 2K0 Canada"
418,William,Bob's Bar and Grill,5.0,"319 Fowler Street, Riondel, British Columbia V0B 2B0 Canada"
419,William,Suzy's Cafe,5.0,"196 Esplanade Ave, Harrison Hot Springs, British Columbia V0M 1K0 Canada"
420,Wilson,Islands Bar,5.0,"100 Esplanade Ave, Harrison Hot Springs, British Columbia V0M 1K0 Canada"
421,Wilson,Carl's Jr.,5.0,"30770 Fraser Hwy Unit 5, Abbotsford, British Columbia V2T 0E2 Canada"
422,Meredith,Dusty Rose Pub,5.0,"4100 N. Bonaparte Rd., 70 Mile House, British Columbia V0K 2K0 Canada"
423,Samuel,Bob's Bar and Grill,5.0,"319 Fowler Street, Riondel, British Columbia V0B 2B0 Canada"
424,Monica,Bob's Bar and Grill,5.0,"319 Fowler Street, Riondel, British Columbia V0B 2B0 Canada"
425,Monica,Suzy's Cafe,5.0,"196 Esplanade Ave, Harrison Hot Springs, British Columbia V0M 1K0 Canada"
426,Rachel,Bob's Bar and Grill,5.0,"319 Fowler Street, Riondel, British Columbia V0B 2B0 Canada"
427,Rachel,Canoe Beach Cafe,5.0,"7720 - 36 Street NE, Salmon Arm, British Columbia V0E 1K0 Canada"
428,Harry,Canoe Beach Cafe,5.0,"7720 - 36 Street NE, Salmon Arm, British Columbia V0E 1K0 Canada"
429,Harry,Canoe Beach Cafe,5.0,"7720 - 36 Street NE, Salmon Arm, British Columbia V0E 1K0 Canada"
430,Megan,UniTea Cafe & Lounge,5.0,"100-210 Railway Ave, Ashcroft, British Columbia V0K 1A0 Canada"
431,Rani,Cafe Tasse,5.0,"251 Harbourfront Dr NE In the Prestige Harbourfront Resort, next to the Wharf, Salmon Arm, British Columbia V1E 2W7 Canada"
432,Rani,Canoe Beach Cafe,5.0,"7720 - 36 Street NE, Salmon Arm, British Columbia V0E 1K0 Canada"
433,Rani,UniTea Cafe & Lounge,5.0,"100-210 Railway Ave, Ashcroft, British Columbia V0K 1A0 Canada"
434,Rajesh,Canoe Beach Cafe,5.0,"7720 - 36 Street NE, Salmon Arm, British Columbia V0E 1K0 Canada"
435,Rajesh,UniTea Cafe & Lounge,5.0,"100-210 Railway Ave, Ashcroft, British Columbia V0K 1A0 Canada"
436,Mohit,UniTea Cafe & Lounge,5.0,"100-210 Railway Ave, Ashcroft, British Columbia V0K 1A0 Canada"
437,Pallavi,Canoe Beach Cafe,5.0,"7720 - 36 Street NE, Salmon Arm, British Columbia V0E 1K0 Canada"
438,Pallavi,UniTea Cafe & Lounge,5.0,"100-210 Railway Ave, Ashcroft, British Columbia V0K 1A0 Canada"
439,Rahul,Suzy's Cafe,5.0,"196 Esplanade Ave, Harrison Hot Springs, British Columbia V0M 1K0 Canada"
440,Rohit,UniTea Cafe & Lounge,5.0,"100-210 Railway Ave, Ashcroft, British Columbia V0K 1A0 Canada"
441,Aarti,Canoe Beach Cafe,5.0,"7720 - 36 Street NE, Salmon Arm, British Columbia V0E 1K0 Canada"
442,Aarti,UniTea Cafe & Lounge,5.0,"100-210 Railway Ave, Ashcroft, British Columbia V0K 1A0 Canada"
443,Divya,UniTea Cafe & Lounge,5.0,"100-210 Railway Ave, Ashcroft, British Columbia V0K 1A0 Canada"
444,Dominic,Mr. Red Cafe,5.0,"2680 Broadway W, Vancouver, British Columbia V6K 2G3 Canada"
445,Dominic,Cafe Mai-Mai & Pho,5.0,"8636 Granville St, Vancouver, British Columbia V6P 5A1 Canada"
446,Mahek,Joyeaux Cafe & Restaurant,5.0,"551 Howe St, Vancouver, British Columbia V6C 2C2 Canada"
447,Matthew,Mr. Red Cafe,5.0,"2680 Broadway W, Vancouver, British Columbia V6K 2G3 Canada"
448,Alison,Joyeaux Cafe & Restaurant,5.0,"551 Howe St, Vancouver, British Columbia V6C 2C2 Canada"
449,Alison,Canoe Beach Cafe,5.0,"7720 - 36 Street NE, Salmon Arm, British Columbia V0E 1K0 Canada"
450,Ali,Margo's Cafe,5.0,"361 Victoria St, Prince George, British Columbia V2L 2J6 Canada"
451,Leo,Margo's Cafe,5.0,"361 Victoria St, Prince George, British Columbia V2L 2J6 Canada"
452,Leo,Margo's Cafe,5.0,"361 Victoria St, Prince George, British Columbia V2L 2J6 Canada"
453,Ethan,Joyeaux Cafe & Restaurant,5.0,"551 Howe St, Vancouver, British Columbia V6C 2C2 Canada"
454,Jennifer,Margo's Cafe,5.0,"361 Victoria St, Prince George, British Columbia V2L 2J6 Canada"
455,Lisa,UniTea Cafe & Lounge,5.0,"100-210 Railway Ave, Ashcroft, British Columbia V0K 1A0 Canada"
456,Lisa,Cafe Mai-Mai & Pho,5.0,"8636 Granville St, Vancouver, British Columbia V6P 5A1 Canada"
457,Lisa,Joyeaux Cafe & Restaurant,5.0,"551 Howe St, Vancouver, British Columbia V6C 2C2 Canada"
458,Shubham,Margo's Cafe,5.0,"361 Victoria St, Prince George, British Columbia V2L 2J6 Canada"
459,Shubham,Cafe Mai-Mai & Pho,5.0,"8636 Granville St, Vancouver, British Columbia V6P 5A1 Canada"
460,Shubham,Joyeaux Cafe & Restaurant,5.0,"551 Howe St, Vancouver, British Columbia V6C 2C2 Canada"
461,Shubham,Joyeaux Cafe & Restaurant,5.0,"551 Howe St, Vancouver, British Columbia V6C 2C2 Canada"
462,Shubham,Joyeaux Cafe & Restaurant,5.0,"551 Howe St, Vancouver, British Columbia V6C 2C2 Canada"
463,Varun,Mr. Red Cafe,5.0,"2680 Broadway W, Vancouver, British Columbia V6K 2G3 Canada"
464,Varun,Joyeaux Cafe & Restaurant,5.0,"551 Howe St, Vancouver, British Columbia V6C 2C2 Canada"
465,Shreya,Mr. Red Cafe,5.0,"2680 Broadway W, Vancouver, British Columbia V6K 2G3 Canada"
466,Shreya,Margo's Cafe,5.0,"361 Victoria St, Prince George, British Columbia V2L 2J6 Canada"
467,Shrey,Bon Cafe,5.0,"4909 Main St, Vancouver, British Columbia V5W 2R2 Canada"
468,Anushka,Bon Cafe,5.0,"4909 Main St, Vancouver, British Columbia V5W 2R2 Canada"
469,Isha,Margo's Cafe,5.0,"361 Victoria St, Prince George, British Columbia V2L 2J6 Canada"
470,Esha,Denny's,5.0,"32720 Simon Avenue, Abbotsford, British Columbia V2T 0B8 Canada"
471,Yogesh,Joyeaux Cafe & Restaurant,5.0,"551 Howe St, Vancouver, British Columbia V6C 2C2 Canada"
472,Urvi,Cafe Mai-Mai & Pho,5.0,"8636 Granville St, Vancouver, British Columbia V6P 5A1 Canada"
473,Urvi,Denny's,5.0,"32720 Simon Avenue, Abbotsford, British Columbia V2T 0B8 Canada"
474,Urvi,Wings,5.0,"1965 Sumas Way, Abbotsford, British Columbia V2S 4L5 Canada"
475,Saurav,Bon Cafe,5.0,"4909 Main St, Vancouver, British Columbia V5W 2R2 Canada"
476,Saurav,Wings,5.0,"1965 Sumas Way, Abbotsford, British Columbia V2S 4L5 Canada"
477,Saurabh,O'Neill's Home Cooking,5.0,"33771 Gosling Way, Abbotsford, British Columbia V2S 1Z2 Canada"
478,Smriti,Denny's,5.0,"32720 Simon Avenue, Abbotsford, British Columbia V2T 0B8 Canada"
479,Kush,Wings,5.0,"1965 Sumas Way, Abbotsford, British Columbia V2S 4L5 Canada"
480,Kushagra,Wings,5.0,"1965 Sumas Way, Abbotsford, British Columbia V2S 4L5 Canada"
481,Aashish,O'Neill's Home Cooking,5.0,"33771 Gosling Way, Abbotsford, British Columbia V2S 1Z2 Canada"
482,Mayank,O'Neill's Home Cooking,5.0,"33771 Gosling Way, Abbotsford, British Columbia V2S 1Z2 Canada"
483,Sara,O'Neill's Home Cooking,5.0,"33771 Gosling Way, Abbotsford, British Columbia V2S 1Z2 Canada"
484,Sarah,Wings,5.0,"1965 Sumas Way, Abbotsford, British Columbia V2S 4L5 Canada"
485,Jaspreet,IHOP,5.0,"2755 Lougheed Hwy, Port Coquitlam, British Columbia V3B 5Y9 Canada"
486,Jaspreet,IHOP,5.0,"2755 Lougheed Hwy, Port Coquitlam, British Columbia V3B 5Y9 Canada"
487,Vidhi,Wings,5.0,"1965 Sumas Way, Abbotsford, British Columbia V2S 4L5 Canada"
488,Laya,Denny's,5.0,"32720 Simon Avenue, Abbotsford, British Columbia V2T 0B8 Canada"
489,Chandrakanth,Tandoori Bites,5.0,"7168 Pioneer Ave, Agassiz, British Columbia Canada"
490,Simran,Sidharth Grill,5.0,"15782 Marine Dr, White Rock, British Columbia V4B 1E6 Canada"
491,Yash,Zaika,5.0,"33555 South Fraser Way, Abbotsford, British Columbia V2S 2B8 Canada"
492,Karan,Tandoori Bites,5.0,"7168 Pioneer Ave, Agassiz, British Columbia Canada"
493,Karan,Nirvana,5.0,"2313 Main St, Vancouver, British Columbia V5T 3C9 Canada"
494,Owen,Wings,5.0,"1965 Sumas Way, Abbotsford, British Columbia V2S 4L5 Canada"
495,Samarth,Wings,5.0,"1965 Sumas Way, Abbotsford, British Columbia V2S 4L5 Canada"
496,Samarth,IHOP,5.0,"2755 Lougheed Hwy, Port Coquitlam, British Columbia V3B 5Y9 Canada"
497,Rajat,Wings,5.0,"1965 Sumas Way, Abbotsford, British Columbia V2S 4L5 Canada"
498,Rajat,Zaika,5.0,"33555 South Fraser Way, Abbotsford, British Columbia V2S 2B8 Canada"
499,Ali,Mr. Red Cafe,6.0,"2680 Broadway W, Vancouver, British Columbia V6K 2G3 Canada"
